ORG_NAME,ORG_NAME_L,ORG_ADDRESS,ORG_CITY,ORG_STATE,ORG_PIN,ACADEMIC_COURSE_ID,COURSE_NAME,EXAM_TYPE,SESSION,REGN_NO,RROLL,AADHAAR_NO,CNAME,GENDER,DOB,FNAME,STUDENT_ADDRESS,RESULT,DIVISION,PHOTO,MRKS_REC_STATUS,YEAR,CERT_NO,SEM,TOT_CREDIT,TOT_CREDIT_POINTS,GRAND_TOT_MRKS,FINAL_GMAX_TOTAL,PERCENT,CGPA,SGPA,SUB1NM,SUB1,SUB1_STATUS,SUB1_TH_MRKS,SUB1_TH_MAX,SUB1_CE_MRKS,SUB1_CE_MAX,SUB1_PR_MRKS,SUB1_PR_MAX,SUB2NM,SUB2,SUB2_STATUS,SUB2_TH_MRKS,SUB2_TH_MAX,SUB2_CE_MRKS,SUB2_CE_MAX,SUB2_PR_MRKS,SUB2_PR_MAX,SUB3NM,SUB3,SUB3_STATUS,SUB3_TH_MRKS,SUB3_TH_MAX,SUB3_CE_MRKS,SUB3_CE_MAX,SUB3_PR_MRKS,SUB3_PR_MAX,SUB4NM,SUB4,SUB4_STATUS,SUB4_TH_MRKS,SUB4_TH_MAX,SUB4_CE_MRKS,SUB4_CE_MAX,SUB4_PR_MRKS,SUB4_PR_MAX,,SUB1MJ,SUB1MJ_TYPE,SUB2MJ,SUB2MJ_TYPE,SUB1MN,SUB1MN_TYPE,SUB2MN,SUB2MN_TYPE,TOT_CREDIT_HOURS,SUB1_CREDIT_HOURS,SUB2_CREDIT_HOURS,SUB3_CREDIT_HOURS,SUB4_CREDIT_HOURS,SUB1_GRACE,SUB2_GRACE,SUB3_GRACE,SUB4_GRACE,STREAM,SUB1_CREDIT_POINTS,SUB2_CREDIT_POINTS,SUB3_CREDIT_POINTS,SUB4_CREDIT_POINTS,DOQ,DOS,DOP,DISSERTATION_TITLE,CGPA_SCALE,STREAM_THIRD,STREAM_SECOND,SUB_COURSE_NAME,GRADE,CLASS,MONTH
CENTRAL INSTITUTE OF FISHERIES EDUCATION,,"PANCH MARG, OFF YARI ROAD, VERSOVA, MUMBAI 400061",MUMBAI,MAHARASHTRA,400061,M.F.SC.,MASTER OF FISHERIES SCIENCE,REGULAR,2018-20,FEX-MA8-05,123457,735000000000,AKILANDESHWARI A,M,22-08-1997,ARUMUGAM M,"3/319-G, MULLAINAGAR, SAVULUPATTTI, COLLECTORATE POST, DHARMAPURI 636705, TAMILNAD",PASS,FIRST,,O,2020,1,I,60,340.33,340.33,600,60%,6.45,8.51,HINDI,HIN,PASS,54,70,4,10,10,20,ENGLISH,ENG,PASS,54,70,4,10,10,20,MATH,MAT,PASS,54,70,4,10,10,20,SCIENCE,SCI,PASS,54,70,4,10,10,20,,Englsh,MAJOR,Hindi,MAJOR,Maths,MINOR,Science,MINOR,20,5,5,5,5,A+,B,A,B,B.COM,60,60,60,60,22-08-1997,25-08-1997,09-09-1997,Tile for Dissertation,10,10th,M.PHIL,M.TECH,A,12TH,JAN
CENTRAL INSTITUTE OF FISHERIES EDUCATION,,"PANCH MARG, OFF YARI ROAD, VERSOVA, MUMBAI 400067",MUMBAI,MAHARASHTRA,400061,M.F.SC.,MASTER OF FISHERIES SCIENCE,OPEN,2018-20,FEX-MA8-11,123463,334000000000,SHYAM DATTA WAGHMARE,M,17-07-1996,DATTA PRABHAKAR WAGHMARE,SHYAM  DATTA WAGHMARE  AT-POST YEROL TA-SHIRUR ANANTPAL  DT-LATUR (MAHARASHTRA),PASS,FIRST,,O,2020,1,I,60,306.74,306.74,600,65%,7.7,7.67,HINDI,HIN,PASS,60,70,10,10,16,20,ENGLISH,ENG,PASS,60,70,10,10,16,20,MATH,MAT,PASS,60,70,10,10,16,20,SCIENCE,SCI,PASS,60,70,10,10,16,20,,Englsh,MAJOR,Hindi,MAJOR,Maths,MINOR,Science,MINOR,20,5,5,5,5,A+,B,A,B,M.COM,60,60,60,60,28-08-1997,31-08-1997,15-09-1997,Tile for Dissertation,10,10th,M.PHIL,M.TECH,A,12TH,JUL
CENTRAL INSTITUTE OF FISHERIES EDUCATION,,"PANCH MARG, OFF YARI ROAD, VERSOVA, MUMBAI 400073",MUMBAI,MAHARASHTRA,400061,M.F.SC.,MASTER OF FISHERIES SCIENCE,REGULAR,2018-20,FEX-MA8-17,123469,286000000000,SUMANT CHANDRAVANSHI,M,28-07-1996,VISHNU CHANDRAVANSHI,"MS. RIDA RIYAZ ALLAYEE SEKIDAFFAR, SAFAKADAL, SRINAGAR-190 002. JAMMU & KASHMIR",PASS,SECOND,,O,2020,1,I,60,320.46,320.46,600,70%,8.59,8.01,HINDI,HIN,PASS,66,70,9,10,11,20,ENGLISH,ENG,PASS,66,70,9,10,11,20,MATH,MAT,PASS,66,70,9,10,11,20,SCIENCE,SCI,PASS,66,70,9,10,11,20,,Englsh,MAJOR,Hindi,MAJOR,Maths,MINOR,Science,MINOR,20,5,5,5,5,A+,B,A,B,PHD,60,60,60,60,03-09-1997,06-09-1997,21-09-1997,Tile for Dissertation,10,10th,M.PHIL,M.TECH,A,12TH,JAN
CENTRAL INSTITUTE OF FISHERIES EDUCATION,,"PANCH MARG, OFF YARI ROAD, VERSOVA, MUMBAI 400084",MUMBAI,MAHARASHTRA,400061,M.F.SC.,MASTER OF FISHERIES SCIENCE,OPEN,2018-20,FEX-MA8-23,123475,313000000000,PORKODI  M,F,19-05-1997,M. MURUGESAN,"MS. PORKODI M. 13/230, PALLIKOODATHAN COLONY, PALACODE  UPSTREET, PALACODE, DHARMAPURI,TAMILNADU-636 813",PASS,THIRD,,O,2020,1,I,60,309,309,600,75%,8.63,7.73,HINDI,HIN,PASS,61,70,6,10,11,20,ENGLISH,ENG,PASS,61,70,6,10,11,20,MATH,MAT,PASS,61,70,6,10,11,20,SCIENCE,SCI,PASS,61,70,6,10,11,20,,Englsh,MAJOR,Hindi,MAJOR,Maths,MINOR,Science,MINOR,20,5,5,5,5,A+,B,A,B,B.TECH,60,60,60,60,14-09-1997,17-09-1997,02-10-1997,Tile for Dissertation,10,10th,M.PHIL,M.TECH,A,12TH,DEC
CENTRAL INSTITUTE OF FISHERIES EDUCATION,,"PANCH MARG, OFF YARI ROAD, VERSOVA, MUMBAI 400085",MUMBAI,MAHARASHTRA,400061,M.F.SC.,MASTER OF FISHERIES SCIENCE,REGULAR,2018-20,FEX-MA8-27,123481,792000000000,MANIVANNAN M. 1,M,08-07-1997,MARIMUTHU.K,"MR. MANIVANNAN M. 1/83, NELLIKAI SALAI, RAMAPURAM (POST) THANJAVUR-613 003 (TAMIL NADU)",PASS,THIRD,,O,2020,1,I,60,343.64,343.64,600,80%,7.94,8.59,HINDI,HIN,PASS,62,70,7,10,12,20,ENGLISH,ENG,PASS,62,70,7,10,12,20,MATH,MAT,PASS,62,70,7,10,12,20,SCIENCE,SCI,PASS,62,70,7,10,12,20,,Englsh,MAJOR,Hindi,MAJOR,Maths,MINOR,Science,MINOR,20,5,5,5,5,A+,B,A,B,B.TECH,60,60,60,60,15-09-1997,18-09-1997,03-10-1997,Tile for Dissertation,10,10th,M.PHIL,M.TECH,A,12TH,JAN
CENTRAL INSTITUTE OF FISHERIES EDUCATION,,"PANCH MARG, OFF YARI ROAD, VERSOVA, MUMBAI 400091",MUMBAI,MAHARASHTRA,400061,M.F.SC.,MASTER OF FISHERIES SCIENCE,OPEN,2018-20,FEX-MA8-35,123487,897000000000,MANIVANNAN M. 2,M,19-06-1996,MUNUSAMY,"AJITHKUMAR M 3/55 PARUVADHARAJA KULA STREET, MELMALAIYANUR,VILUPPURAM, TAMIL NADU-604204",PASS,THIRD,,O,2020,1,I,60,308.22,308.22,600,60%,8.29,7.71,HINDI,HIN,PASS,68,70,6,10,18,20,ENGLISH,ENG,PASS,68,70,6,10,18,20,MATH,MAT,PASS,68,70,6,10,18,20,SCIENCE,SCI,PASS,68,70,6,10,18,20,,Englsh,MAJOR,Hindi,MAJOR,Maths,MINOR,Science,MINOR,20,5,5,5,5,A+,B,A,B,M.TECH,60,60,60,60,21-09-1997,24-09-1997,09-10-1997,Tile for Dissertation,10,10th,M.PHIL,M.TECH,A,12TH,JUL
CENTRAL INSTITUTE OF FISHERIES EDUCATION,,"PANCH MARG, OFF YARI ROAD, VERSOVA, MUMBAI 400061",MUMBAI,MAHARASHTRA,400061,M.F.SC.,MASTER OF FISHERIES SCIENCE,REGULAR,2018-20,FEX-MA8-36,123488,735000000000,MANIVANNAN M. 3,M,22-08-1997,ARUMUGAM M,"3/319-G, MULLAINAGAR, SAVULUPATTTI, COLLECTORATE POST, DHARMAPURI 636705, TAMILNAD",PASS,FIRST,,O,2020,1,I,60,340.33,340.33,600,60%,6.45,8.51,HINDI,HIN,PASS,54,70,4,10,10,20,ENGLISH,ENG,PASS,54,70,4,10,10,20,MATH,MAT,PASS,54,70,4,10,10,20,SCIENCE,SCI,PASS,54,70,4,10,10,20,,Englsh,MAJOR,Hindi,MAJOR,Maths,MINOR,Science,MINOR,20,5,5,5,5,A+,B,A,B,B.COM,60,60,60,60,22-08-1997,25-08-1997,09-09-1997,Tile for Dissertation,10,10th,M.PHIL,M.TECH,A,12TH,JAN
CENTRAL INSTITUTE OF FISHERIES EDUCATION,,"PANCH MARG, OFF YARI ROAD, VERSOVA, MUMBAI 400067",MUMBAI,MAHARASHTRA,400061,M.F.SC.,MASTER OF FISHERIES SCIENCE,OPEN,2018-20,FEX-MA8-37,123489,334000000000,MANIVANNAN M. 4,M,17-07-1996,DATTA PRABHAKAR WAGHMARE,SHYAM  DATTA WAGHMARE  AT-POST YEROL TA-SHIRUR ANANTPAL  DT-LATUR (MAHARASHTRA),PASS,FIRST,,O,2020,1,I,60,306.74,306.74,600,65%,7.7,7.67,HINDI,HIN,PASS,60,70,10,10,16,20,ENGLISH,ENG,PASS,60,70,10,10,16,20,MATH,MAT,PASS,60,70,10,10,16,20,SCIENCE,SCI,PASS,60,70,10,10,16,20,,Englsh,MAJOR,Hindi,MAJOR,Maths,MINOR,Science,MINOR,20,5,5,5,5,A+,B,A,B,M.COM,60,60,60,60,28-08-1997,31-08-1997,15-09-1997,Tile for Dissertation,10,10th,M.PHIL,M.TECH,A,12TH,JUL
CENTRAL INSTITUTE OF FISHERIES EDUCATION,,"PANCH MARG, OFF YARI ROAD, VERSOVA, MUMBAI 400073",MUMBAI,MAHARASHTRA,400061,M.F.SC.,MASTER OF FISHERIES SCIENCE,REGULAR,2018-20,FEX-MA8-38,123490,286000000000,MANIVANNAN M. 5,M,28-07-1996,VISHNU CHANDRAVANSHI,"MS. RIDA RIYAZ ALLAYEE SEKIDAFFAR, SAFAKADAL, SRINAGAR-190 002. JAMMU & KASHMIR",PASS,SECOND,,O,2020,1,I,60,320.46,320.46,600,70%,8.59,8.01,HINDI,HIN,PASS,66,70,9,10,11,20,ENGLISH,ENG,PASS,66,70,9,10,11,20,MATH,MAT,PASS,66,70,9,10,11,20,SCIENCE,SCI,PASS,66,70,9,10,11,20,,Englsh,MAJOR,Hindi,MAJOR,Maths,MINOR,Science,MINOR,20,5,5,5,5,A+,B,A,B,PHD,60,60,60,60,03-09-1997,06-09-1997,21-09-1997,Tile for Dissertation,10,10th,M.PHIL,M.TECH,A,12TH,JAN
CENTRAL INSTITUTE OF FISHERIES EDUCATION,,"PANCH MARG, OFF YARI ROAD, VERSOVA, MUMBAI 400084",MUMBAI,MAHARASHTRA,400061,M.F.SC.,MASTER OF FISHERIES SCIENCE,OPEN,2018-20,FEX-MA8-39,123491,313000000000,MANIVANNAN M. 6,F,19-05-1997,M. MURUGESAN,"MS. PORKODI M. 13/230, PALLIKOODATHAN COLONY, PALACODE  UPSTREET, PALACODE, DHARMAPURI,TAMILNADU-636 813",PASS,THIRD,,O,2020,1,I,60,309,309,600,75%,8.63,7.73,HINDI,HIN,PASS,61,70,6,10,11,20,ENGLISH,ENG,PASS,61,70,6,10,11,20,MATH,MAT,PASS,61,70,6,10,11,20,SCIENCE,SCI,PASS,61,70,6,10,11,20,,Englsh,MAJOR,Hindi,MAJOR,Maths,MINOR,Science,MINOR,20,5,5,5,5,A+,B,A,B,B.TECH,60,60,60,60,14-09-1997,17-09-1997,02-10-1997,Tile for Dissertation,10,10th,M.PHIL,M.TECH,A,12TH,DEC
CENTRAL INSTITUTE OF FISHERIES EDUCATION,,"PANCH MARG, OFF YARI ROAD, VERSOVA, MUMBAI 400085",MUMBAI,MAHARASHTRA,400061,M.F.SC.,MASTER OF FISHERIES SCIENCE,REGULAR,2018-20,FEX-MA8-40,123492,792000000000,MANIVANNAN M. 7,M,08-07-1997,MARIMUTHU.K,"MR. MANIVANNAN M. 1/83, NELLIKAI SALAI, RAMAPURAM (POST) THANJAVUR-613 003 (TAMIL NADU)",PASS,THIRD,,O,2020,1,I,60,343.64,343.64,600,80%,7.94,8.59,HINDI,HIN,PASS,62,70,7,10,12,20,ENGLISH,ENG,PASS,62,70,7,10,12,20,MATH,MAT,PASS,62,70,7,10,12,20,SCIENCE,SCI,PASS,62,70,7,10,12,20,,Englsh,MAJOR,Hindi,MAJOR,Maths,MINOR,Science,MINOR,20,5,5,5,5,A+,B,A,B,B.TECH,60,60,60,60,15-09-1997,18-09-1997,03-10-1997,Tile for Dissertation,10,10th,M.PHIL,M.TECH,A,12TH,JAN
CENTRAL INSTITUTE OF FISHERIES EDUCATION,,"PANCH MARG, OFF YARI ROAD, VERSOVA, MUMBAI 400091",MUMBAI,MAHARASHTRA,400061,M.F.SC.,MASTER OF FISHERIES SCIENCE,OPEN,2018-20,FEX-MA8-41,123493,897000000000,MANIVANNAN M. 8,M,19-06-1996,MUNUSAMY,"AJITHKUMAR M 3/55 PARUVADHARAJA KULA STREET, MELMALAIYANUR,VILUPPURAM, TAMIL NADU-604204",PASS,THIRD,,O,2020,1,I,60,308.22,308.22,600,60%,8.29,7.71,HINDI,HIN,PASS,68,70,6,10,18,20,ENGLISH,ENG,PASS,68,70,6,10,18,20,MATH,MAT,PASS,68,70,6,10,18,20,SCIENCE,SCI,PASS,68,70,6,10,18,20,,Englsh,MAJOR,Hindi,MAJOR,Maths,MINOR,Science,MINOR,20,5,5,5,5,A+,B,A,B,M.TECH,60,60,60,60,21-09-1997,24-09-1997,09-10-1997,Tile for Dissertation,10,10th,M.PHIL,M.TECH,A,12TH,JUL
